Experiment,Epochs,Batch Size,Learning Rate,Final Train Acc,Final Val Acc
1,5,32,0.0001,0.9861941337585449,0.9829254150390625
2,10,32,0.0001,0.992883563041687,0.9880478382110596
3,5,64,0.0001,0.9568744897842407,0.9601593613624573
4,5,32,0.0005,0.9962994456291199,0.9903244376182556
