Experiment,Epochs,Batch Size,Learning Rate,Final Train Acc,Final Val Acc
1,5,32,0.0001,0.9952330589294434,0.9894067645072937
2,10,32,0.0001,0.9994703531265259,1.0
3,5,64,0.0001,0.9555084705352783,0.9491525292396545
4,5,32,0.0005,1.0,0.9978813529014587
